{"cameraMode":{"drawMode":2,"name":"Shaded Wireframe","section":"Shading Mode"},"sceneLighting":false,"audioPlay":false,"sceneViewState":{"m_AlwaysRefresh":false,"showFog":true,"showSkybox":false,"showFlares":true,"showImageEffects":true,"showParticleSystems":true,"showVisualEffectGraphs":true,"m_FxEnabled":true},"in2DMode":false,"pivot":{"x":6.029133319854736,"y":0.33185744285583498,"z":3.0741987228393556},"rotation":{"x":-0.15241500735282899,"y":0.0032583025749772789,"z":-0.000501892005559057,"w":-0.9883260726928711},"size":1.1485674381256104,"orthographic":true}