{"cameraMode":{"drawMode":2,"name":"Shaded Wireframe","section":"Shading Mode"},"sceneLighting":false,"audioPlay":false,"sceneViewState":{"m_AlwaysRefresh":false,"showFog":true,"showSkybox":false,"showFlares":true,"showImageEffects":true,"showParticleSystems":true,"showVisualEffectGraphs":true,"m_FxEnabled":true},"in2DMode":false,"pivot":{"x":6.029133319854736,"y":0.33185744285583498,"z":3.0741987228393556},"rotation":{"x":-0.31777554750442507,"y":0.016786418855190278,"z":-0.005603395868092775,"w":-0.9480780959129334},"size":1.1485674381256104,"orthographic":true}